question,answer
"Develop, maintain, and improve the AI assistant for multiple channels (messengers, website).","To develop, maintain, and improve the AI assistant for multiple channels like messengers and websites using Yellow Messenger's platform, you can leverage the omnichannel capabilities provided. 

1. **Development**: Use Yellow Messenger's platform to build AI assistants tailored to your requirements for various channels. Utilize the drag-and-drop interface and pre-built conversational components for faster development.

2. **Maintenance**: Regularly monitor the performance of your AI assistant across channels using the analytics dashboard. Make necessary updates and improvements based on the insights gathered to enhance user experience.

3. **Improvement**: Employ features like NLP training, intent optimization, and persona management available on the platform to continuously enhance the AI assistant's efficiency and effectiveness across different channels.

By utilizing Yellow Messenger's platform features effectively, you can create, manage, and enhance your AI assistant for multiple channels efficiently."
"Ensure high-quality, accurate responses; avoid hallucinations.","Absolutely! I will provide you with precise and factual information based on the resources available on the official Yellow.ai documentation. Feel free to ask any questions you have, and I will ensure the responses are of the highest quality."
Provide links to sales teams when appropriate instead of generating inaccurate answers.,"Absolutely! Feel free to ask any questions related to functional and technical requirements you have about Yellow.ai, and I'll provide you with accurate and helpful information based on the official documentation available on our website. If you need assistance from our sales team or require more personalized guidance, I can also help you find the right contact information for further support."
Align assistant design with KWS’s corporate design guidelines.,"To align the Yellow.ai assistant design with KWS's corporate design guidelines, you can customize the assistant's appearance and behavior according to the specific requirements. This includes modifying the color scheme, typography, logo placement, language style, and overall look and feel to match KWS's branding. You can use the Yellow.ai platform to easily customize the assistant's UI elements, chat bubble, avatar, and message tone to reflect KWS's corporate identity accurately. For a seamless integration, collaborate with the design and branding teams to ensure consistency with KWS's guidelines throughout the assistant's interface and interactions."
Coordinate integration with KWS’s IT systems and external service providers.,"To coordinate integration with KWS's IT systems and external service providers, you can leverage the Yellow.ai platform's extensive capabilities. Utilize our API documentation to seamlessly integrate with KWS's existing IT systems and external service providers. By following the step-by-step instructions provided in the API documentation, you can establish secure and efficient communication channels between Yellow.ai and the pertinent systems. Additionally, you can leverage Yellow.ai's webhook functionalities to enable real-time data exchange and streamline information flow across various platforms. For further assistance or specific guidance tailored to your integration needs, feel free to explore our comprehensive documentation or reach out to our support team for personalized support."
Adapt to improvements in GenAI algorithms and functionalities.,"Our platform automatically updates with improvements in GenAI algorithms and functionalities to enhance your conversational AI experience. You can take advantage of these enhancements seamlessly without any manual intervention from your end. Stay assured that your bot will always be equipped with the latest features and capabilities to provide cutting-edge conversational experiences to your users. If you have specific requirements or would like to learn more about these updates, feel free to explore our documentation or reach out to our support team for assistance."
Manage internal and external knowledge bases for accurate responses.,"To manage internal and external knowledge bases for accurate responses, you can utilize the Yellow.ai platform's Knowledge Base feature. You can create and maintain a repository of information that the bot can access to provide accurate responses to user queries. By organizing information into categories and subcategories, you can ensure quick and relevant responses to user queries.

To manage the internal knowledge base, you can easily integrate your existing systems like CRM, databases, or other enterprise applications with the Yellow.ai platform. This allows the bot to access up-to-date information from internal sources.

For the external knowledge base, you can integrate with third-party sources like FAQs, websites, or other external databases to enrich the bot's knowledge. You can configure the bot to fetch information from these sources in real-time to provide accurate responses to users.

By effectively managing internal and external knowledge bases within the Yellow.ai platform, you can ensure that the bot is equipped to provide accurate responses to a wide range of user queries."
Support contextual understanding of complex agronomic data.,"To support contextual understanding of complex agronomic data, Yellow.ai's platform offers advanced AI capabilities such as natural language processing (NLP) and machine learning (ML). By leveraging these technologies, Yellow.ai can analyze and interpret the complex agronomic data provided, helping users gain insights and make informed decisions. Additionally, with features like intent recognition and entity extraction, Yellow.ai can identify specific agronomic terms and understand the context in which they are used, enabling more accurate and personalized responses. Yellow.ai's AI-driven platform can effectively handle complex agronomic data to support contextual understanding and provide valuable agricultural insights."
"Use reasoning engines for multi-step, context-aware decision-making.","Yellow.ai's reasoning engines can be utilized for multi-step, context-aware decision-making by enabling the creation of logical rules and conditions based on user inputs, states, and system variables. These engines use if-then logic to determine the appropriate actions to take at each step of a conversation, enabling the bot to provide personalized and contextually relevant responses. By leveraging reasoning engines, you can design complex decision trees, automate workflows, and ensure that the bot responds intelligently to diverse user queries. This functionality enhances the user experience and allows for efficient problem-solving through automated processes tailored to specific contexts."
Enable building multiple assistants for different use cases.,"Yes, Yellow.ai's platform allows you to build and manage multiple assistants for different use cases from a single account. You can create distinct conversational AI solutions tailored to specific requirements, such as customer service, sales support, HR queries, and more. With Yellow.ai's multi-assistant capabilities, you can efficiently handle various functions and interactions, ensuring a seamless and personalized user experience across different scenarios."
Support advanced AI features and continually update them.,"Yellow.ai supports advanced AI features including Natural Language Processing (NLP), Machine Learning (ML), sentiment analysis, and more. These features are continually updated to improve performance and deliver cutting-edge AI capabilities. Stay tuned to our platform for the latest updates and enhancements to ensure your AI solution remains at the forefront of technological advancements."
"Provide user interfaces that are intuitive, easy to navigate, and visually appealing.","The Yellow.ai platform offers a user-friendly interface that is designed to be intuitive, easy to navigate, and visually appealing. Users can interact with the platform through a chatbot interface that enables seamless communication and easy access to functionalities. The graphical interface provided by Yellow.ai also ensures a visually pleasing experience for users, with clear layouts, intuitive design elements, and engaging visuals to enhance user engagement. Overall, Yellow.ai prioritizes user experience by offering interfaces that are both functional and aesthetically pleasing, providing a smooth and enjoyable experience for users."
Offer multilingual support tailored to country-specific needs.,"Yellow.ai provides multilingual support via its Natural Language Understanding (NLU) capabilities. You can configure language-specific models to cater to country-specific needs, allowing users to interact in their preferred languages. By setting up language-specific intents, entities, and responses, you can ensure that the conversational experiences are tailored to the linguistic preferences and requirements of each region. For more details on setting up multilingual support tailored to country-specific needs, refer to the Yellow.ai documentation on NLU configuration and language customization."
Ensure availability 24/7 and reliability at scale.,"Yellow.ai platform ensures round-the-clock availability through its highly reliable and scalable infrastructure. With a robust architecture and advanced monitoring systems in place, Yellow.ai guarantees uninterrupted service to support your needs at any time. Our global network of data centers and cloud infrastructure enables us to deliver high performance and reliability, meeting the demands of users across different time zones with ease. Rest assured, Yellow.ai is designed to provide continuous support and consistent performance, ensuring your operations run smoothly without disruptions."
